trainid,days,route,coaches,clubs
001,YYYYYYY,MTLOTTPEMNBYCPLHPNLLCARMSLKMKIWPGPLPRIVMVLWATSASBIGWAIEDMEDSHINJASBLRKAMBBACHKVAN,
003,YYYYYYY,TORPSOCPLHPNLLCARMSLKMKIWPGPLPRIVMVLWATSASBIGWAIEDMEDSHINJASBLRKAMBBACHKVAN,
002,YYYYYYY,VANCHKBBAKAMBLRJASHINEDSEDMWAIBIGSASWATMVLRIVPLPWPGMKISLKARMLLCHPNCPLNBYPEMOTTMTL,
004,YYYYYYY,VANCHKBBAKAMBLRJASHINEDSEDMWAIBIGSASWATMVLRIVPLPWPGMKISLKARMLLCHPNCPLPSOTOR,
011,YYYYYYY,HFXTRUAMHMCTNCLBSTCTNMJORDLLEVDMLSHYMTL,
012,YYYYYYY,MTLSHYDMLLEVRDLMJOCTNBSTNCLMCTAMHTRUHFX,
015,YYYYYYY,HFXTRUAMHMCTNCLBSTCTNMJORDLLEVDMLSHYMTL,
014,YYYYYYY,MTLSHYDMLLEVRDLMJOCTNBSTNCLMCTAMHTRUHFX,
017,YYYYYYY,SYDTRUAMHMCTNCLBSTCTNMJORDLLEVDMLSHYMTL,
016,YYYYYYY,MTLSHYDMLLEVRDLMJOCTNBSTNCLMCTAMHTRUSYD,
022,NYYYYYY,MTLDMLQBC,0176027603760440,09451045
028,YYYYYYY,MTLDMLQBC,0176027603760440,09451045
025,YYYYYYY,QBCDMLMTL,016802720376,0439
029,YYYYYYN,QBCDMLMTL,016802720376,0439
023,YYYYYYY,QBCMTL,0176027603760440,09451045
027,NYYYYYY,QBCMTL,0176027603760440,09451045
024,YYYYYYY,MTLQBC,016802720376,0439
026,YYYYYYN,MTLQBC,016802720376,0439
030,NYYYYYY,OTTMTL,,0245
031,NYYYYYY,MTLOTT,,0245
034,YYYYYYY,OTTMTL,,0245
035,YYYYYYY,MTLOTT,,0245
036,NYYYYYY,OTTMTL,,0245
037,YYYYYYY,MTLOTT,,0245
038,YYYYYYY,OTTMTL,,0245
039,YYYYYYY,MTLOTT,,0245
050,YYYYYYY,TORCOBBVLKGNBKLCWLMTL,10761176124413761476,01452019
054,YYYYYYY,TORCOBBVLKGNBKLCWLMTL,,04390939
051,YYYYYYY,MTLCWLBKLKGNBVLCOBTOR,10761176124413761476,01452019
055,YYYYYYY,MTLCWLBKLKGNBVLCOBTOR,,04390939
052,YYYYYYY,TORMTL,
058,YYYYYYY,TORMTL,0176027603660466,
050,YYYYYYY,TORMTL,
064,YYYYYYY,TORMTL,17761676157614761366124011761076,0545044503450245
066,YYYYYYY,TORMTL,0128025603360454055610561154123613561428,0640073408340940
053,YYYYYYY,MTLTOR,
060,YYYYYYY,TORMTL,0128025603360454055610561154123613561428,064007340834940
059,YYYYYYY,MTLTOR,0176027603660466,
061,YYYYYYY,MTLTOR,0128025603360454055610561154123613561428,0640073408340940
062,YYYYYYY,TORMTL,0128025603360454055610561154123613561428,0640073408340940
063,YYYYYYY,MTLTOR,0128025603360454055600561154123613561428,0640073408340940
065,YYYYYYY,MTLTOR,17761676157614761366124011761076,0545044503450245
067,YYYYYYY,MTLTOR,0128025603360454055610561154123613561428,0640073408340940
158,YYYYYYY,CHGSARLDNTOR,,0119
159,YYYYYYY,TORLDNSARCHG,,0119
141,YYYYYYY,WDRLDN,,0145
145,YYYYYYY,WDRLDN,,0145
142,YYYYYYY,LDNWDR,,0145
144,YYYYYYY,LDNWDR,,0145
146,YYYYYYY,LDNTOR,,0145
148,YYYYYYY,LDNTOR,,0145
147,YYYYYYY,TORLDN,,0145
149,YYYYYYY,TORLDN,,0145
150,YYYYYYY,SARLDN,,0145
152,YYYYYYY,SARLDN,,0145
151,YYYYYYY,LDNSAR,,0145
153,YYYYYYY,TORLDN,,0145
157,YYYYYYY,TORLDN,,0145
154,YYYYYYY,LDNTOR,,0145
